teacher_username,teacher_password,teacher_name,teacher_faculty,department,course_ID
te.rutherford@teacher.chula.ac.th,1234,Attapol Rutherford,Arts,Linguistic,2209372
tanead@teacher.chula.ac.th,1234,Tanead Saijitborisut,Arts,Eastern language,2225101
aradee@teacher.chula.ac.th,1234,Aradee Damrongtham,Arts,Eastern language,2222111
asadayuth@teacher.chula.ac.th,1234,Asadayuth Chusri,Arts,Eastern language,2223243
attaya@teacher.chula.ac.th,1234,Attaya lastname,Arts,Eastern language,2223401
nuttanan@teacher.chula.ac.th,1234,Nuttanan Janjaochai,Arts,Linguistic,2209305
ajan@teacher.chula.ac.th,1234,Ajan someone,Arts,Western language,2202372
